OBJECTID;DT_MAJ_GDUNO;CD_ORGNS;NOM_COURT;NOM_OFFCL;ADRS_GEO_L1_GDUNO;ADRS_GEO_L2_GDUNO;CD_MUNCP;NOM_MUNCP;STAT_MUNCP;CD_POSTL_GDUNO;TYPE_ORGNS;RESEAU;SITE_WEB;COORD_X_LL84;COORD_Y_LL84;ORDRE_ENS;STYLE_CART
38;20200706;020510;Conservatoire de musique de Rimouski;Conservatoire de musique de Rimouski;22, rue Sainte-Marie;;10043;Rimouski;V;G5L4E2;École gouvernementale;Gouvernemental;http://www.conservatoire.gouv.qc.ca/rimouski/index;-68.528938;48.449422;Collégial;3_Gouvernemental
162;20200706;100501;Conservatoire de musique de Saguenay;Conservatoire de musique de Saguenay;202, rue Jacques-Cartier Est;;94068;Saguenay;V;G7H6R8;École gouvernementale;Gouvernemental;http://www.conservatoire.gouv.qc.ca/saguenay/index;-71.061322;48.425983;Collégial;3_Gouvernemental
250;20200706;190504;ITA La Pocatière;Institut de technologie agroalimentaire, campus de La Pocatière;401, rue Poiré;;14085;La Pocatière;V;G0R1Z0;École gouvernementale;Gouvernemental;http://www.ita.qc.ca/;-70.039112;47.364841;Collégial;3_Gouvernemental
322;20200706;260504;Conservatoire de musique Trois-Rivières;Conservatoire de musique de Trois-Rivières;587, rue Radisson;;37067;Trois-Rivières;V;G9A2C8;École gouvernementale;Gouvernemental;http://www.conservatoire.gouv.qc.ca/reseau/conserv;-72.54645;46.343818;Collégial;3_Gouvernemental
488;20200706;440512;ITA St-Hyacinthe;Institut de technologie agroalimentaire, campus de Saint-Hyacinthe;3230, rue Sicotte;C.P. 70;54048;Saint-Hyacinthe;V;J2S7B3;École gouvernementale;Gouvernemental;http://www.ita.qc.ca;-72.967748;45.618869;Collégial;3_Gouvernemental
558;20200706;520500;Conservatoire de musique de Val-d'Or;Conservatoire de musique de Val-d'Or;88, rue Allard;;89008;Val-d'Or;V;J9P2Y1;École gouvernementale;Gouvernemental;http://www.conservatoire.gouv.qc.ca/val-dor/index.;-77.774428;48.095151;Collégial;3_Gouvernemental
527;20200706;470502;Conservatoire de musique de Gatineau;Conservatoire de musique de Gatineau;430, boul. Alexandre-Taché;;81017;Gatineau;V;J9A1M7;École gouvernementale;Gouvernemental;http://www.conservatoire.gouv.qc.ca;-75.748541;45.421701;Collégial;3_Gouvernemental
674;20200706;669510;Conservatoire de musique de Québec;Conservatoire de musique de Québec;270, rue Jacques-Parizeau;;23027;Québec;V;G1R5G1;École gouvernementale;Gouvernemental;https://www.conservatoire.gouv.qc.ca/reseau/conser;-71.221507;46.806112;Collégial;3_Gouvernemental
799;20200706;699600;Campus Macdonald - Université McGill;Macdonald College - Université McGill;Programme GTEA, Harrison House;21 111,  chemin Lakeshore;66117;Sainte-Anne-de-Bellevue;V;H9X3V9;École gouvernementale;Gouvernemental;http://www.mcgill.ca/fmt;-73.943265;45.40411;Collégial;3_Gouvernemental
1279;20200706;749572;Conservatoire de musique de Montréal;Conservatoire de musique de Montréal;4750, avenue Henri-Julien;;66023;Montréal;V;H2T2C8;École gouvernementale;Gouvernemental;http://www.conservatoire.gouv.qc.ca/montreal/index;-73.586346;45.523459;Collégial;3_Gouvernemental
1282;20200706;749655;Instit. tourisme et hôtellerie du Qc;Institut de tourisme et d'hôtellerie du Québec;3535, rue Saint-Denis;;66023;Montréal;V;H2X3P1;École gouvernementale;Gouvernemental;http://www.ithq.qc.ca/;-73.568679;45.51798;Collégial;3_Gouvernemental
1286;20200706;749691;ExperiSens;ExperiSens;3535 rue St-Denis;;66023;Montréal;V;H2X3P1;Centre collégial de transfert de technologie;Gouvernemental;;-73.568679;45.51798;Collégial;3_Gouvernemental
331;20200706;270543;Séminaire de Sherbrooke;Séminaire de Sherbrooke;195, rue Marquette;;43027;Sherbrooke;V;J1H1L6;Collège privé;Privé;http://www.seminaire-sherbrooke.qc.ca;-71.894517;45.403012;Collégial;2_Privé
332;20200706;277500;CDE Collège;CDE Collège;37, rue Wellington Nord;Bureau 101;43027;Sherbrooke;V;J1H5A9;Collège privé;Privé;http://www.cde-college.com;-71.890978;45.401926;Collégial;2_Privé
333;20200706;277501;CDE Collège;CDE Collège (secteur anglophone);37, rue Wellington Nord, bureau 101;;43027;Sherbrooke;V;J1H5A9;Installation collège privé;Privé;http://www.cde-college.com;-71.890978;45.401926;Collégial;2_Privé
343;20200706;290504;Collège CDI - Longueuil;Collège CDI Administration . Technologie . Santé - Longueuil;1111, rue Saint-Charles O, bureau 120;;58227;Longueuil;V;J4K5G4;Établissement d'enseignement collège privé;Privé;http://www.cdicollege.com/;-73.519792;45.526376;Collégial;2_Privé
344;20200706;294901;Académie de l'Entrepreneurship;Académie de l'Entrepreneurship;4660, montée Saint-Hubert, local 104;;58227;Longueuil;V;J3Y1V1;Collège privé;Privé;http://www.academie-ent.com;-73.438416;45.486093;Collégial;2_Privé
345;20200706;294903;Académie de l'Entrepreneurship;Académie de l'Entrepreneurship;1001, rue Sherbrooke Est, bureau 350;;66023;Montréal;V;H2L1L3;Installation collège privé;Privé;;-73.566455;45.520519;Collégial;2_Privé
346;20200706;303531;Institut supérieur d'informatique ISI;Institut supérieur d'informatique ISI;2100, boulevard de Maisonneuve Est;;66023;Montréal;V;H2K4S1;Collège privé;Privé;www.isi-mtl.com;-73.551278;45.525584;Collégial;2_Privé
281;20200706;210508;Campus Notre-Dame-de-Foy;Campus Notre-Dame-de-Foy;5000, rue Clément-Lockquell;;23072;Saint-Augustin-de-Desmaures;V;G3A1B3;Collège privé;Privé;http://www.cndf.qc.ca;-71.399553;46.736869;Collégial;2_Privé
282;20200706;210590;Centre RISC;Centre de recherche et d'innovation en sécurité civile - RISC;5000, rue Clément-Lockquell;;23072;Saint-Augustin-de-Desmaures;V;G3A1B3;Centre collégial de transfert de technologie;Privé;www.centrerisc.com;-71.399553;46.736868;Collégial;2_Privé
313;20200706;250506;Collège Ellis, campus de Drummondville;Collège Ellis, campus de Drummondville;235, rue Moisan;;49058;Drummondville;V;J2C1W9;Collège privé;Privé;http://www.ellis.qc.ca;-72.49141;45.882114;Collégial;2_Privé
320;20200706;260501;Collège Laflèche;Collège Laflèche;1687, boulevard du Carmel;;37067;Trois-Rivières;V;G8Z3R8;Collège privé;Privé;http://www.clafleche.qc.ca;-72.559547;46.350589;Collégial;2_Privé
321;20200706;260503;Collège Laflèche;Collège Laflèche;3300, chemin de l¿Aéroport;;37067;Trois-Rivières;V;G9A5E1;Installation collège privé;Privé;http://www.clafleche.qc.ca;-72.675316;46.364501;Collégial;2_Privé
323;20200706;260507;Collège Ellis, campus de Trois-Rivières;Collège Ellis, campus de Trois-Rivières;90, rue Dorval;;37067;Trois-Rivières;V;G8T5X7;Collège privé;Privé;http://www.ellis.qc.ca;-72.50922;46.36319;Collégial;2_Privé
416;20200706;359505;Institut d'enregistrement du Canada;Institut d'enregistrement du Canada;1207, rue Saint-André;;66023;Montréal;V;H2L3S8;Collège privé;Privé;http://www.recordingarts.com;-73.556427;45.515782;Collégial;2_Privé
347;20200706;303532;Institut ISI anglophone;Institut supérieur d'informatique ISI (secteur anglophone);2100, boulevard de Maisonneuve Est;;66023;Montréal;V;H2K4S1;Installation collège privé;Privé;www.isi-mtl.com;-73.551278;45.525584;Collégial;2_Privé
450;20200706;388551;Collège CDI - Laval, ens. en anglais;Collège CDI Administration . Technologie . Santé, enseignement en anglais;3, Place Laval, bureau 400;;65005;Laval;V;H7N1A2;Installation collège privé;Privé;http://www.cdicollege.ca;-73.704946;45.580726;Collégial;2_Privé
451;20200706;389551;Collège CDI - Laval;Collège CDI Administration . Technologie . Santé - Laval;3, Place Laval, bureau 400;;65005;Laval;V;H7N1A2;Établissement d'enseignement collège privé;Privé;http://www.cdicollege.ca;-73.704946;45.580726;Collégial;2_Privé
673;20200706;669506;Collège Mérici;Collège Mérici;755, Grande Allée Ouest;;23027;Québec;V;G1S1C1;Collège privé;Privé;http://www.merici.ca;-71.232673;46.795333;Collégial;2_Privé
675;20200706;669511;Orizon Aviation;Orizon Aviation;611, 6e avenue de l'Aéroport;;23027;Québec;V;G2G2T4;Installation collège privé;Privé;http://www.merici.ca;-71.378336;46.791092;Collégial;2_Privé
676;20200706;669537;Collège Bart (1975);Collège Bart (1975);751, côte d'Abraham;;23027;Québec;V;G1R1A2;Collège privé;Privé;http://www.bart.ca;-71.219135;46.812506;Collégial;2_Privé
677;20200706;669538;Collège Bart - Radio Télévision de Qc;Collège Bart (1975) / Collège Radio Télévision de Québec;751, Côte d'Abraham;;23027;Québec;V;G1R1A2;Installation collège privé;Privé;www.crtq.ca;-71.219135;46.812506;Collégial;2_Privé
678;20200706;669542;L'École de danse de Québec;L'École de danse de Québec;310, boul. Langelier, bureau 214;;23027;Québec;V;G1K5N3;Collège privé;Privé;http://www.ledq.qc.ca;-71.232131;46.813279;Collégial;2_Privé
679;20200706;669543;L'École de danse de Québec;L'École de danse de Québec;336, rue du Roi;;23027;Québec;V;G1K2W5;Installation collège privé;Privé;http://www.ledq.qc.ca;-71.226633;46.814618;Collégial;2_Privé
680;20200706;669546;Collège O'Sullivan de Québec inc.;Collège O'Sullivan de Québec inc.;840, rue Saint-Jean;;23027;Québec;V;G1R1R3;Collège privé;Privé;http://www.osullivan-quebec.qc.ca;-71.217105;46.81162;Collégial;2_Privé
681;20200706;669590;TOPMED- Centre collégial de transfert de;TOPMED- Centre collégial de transfert de technologie en orthèses, prothèses et équipements médicaux;755, Grande Allée Ouest;;23027;Québec;V;G1S1C1;Centre collégial de transfert de technologie;Privé;;-71.232673;46.795333;Collégial;2_Privé
772;20200706;693672;Collège Avalon (secteur anglophone);Collège Avalon (secteur anglophone);455 rue du Marais;L. 200;23027;Québec;V;G1M3A2;Installation collège privé;Privé;www.collegeavalon.com;-71.282692;46.827159;Collégial;2_Privé
773;20200706;693673;Collège Avalon;Collège Avalon;5101, rue Buchan, bureau 101;;66023;Montréal;V;H4P1S4;Installation collège privé;Privé;www.collegeavalon.com;-73.653039;45.497561;Collégial;2_Privé
774;20200706;693674;Collège Avalon/Avalon College;Collège Avalon (secteur anglophone);5101, rue Buchan, bureau 101;;66023;Montréal;V;H4P1S4;Installation collège privé;Privé;www.collegeavalon.com;-73.653039;45.497561;Collégial;2_Privé
775;20200706;693681;École des entrepreneurs du Québec;École des entrepreneurs du Québec;503, boulevard René-Lévesque Ouest;;66023;Montréal;V;H2Z1A8;Collège privé;Privé;www.eequebec.com;-73.566016;45.503993;Collégial;2_Privé
776;20200706;693691;École de pilotage Saint-Hubert inc.;École de pilotage Saint-Hubert inc.;5680, chemin de l'Aéroport;;58227;Longueuil;V;J3Y8Y9;Collège privé;Privé;www.ecoledepilotagesainthubert.com;-73.409908;45.51369;Collégial;2_Privé
777;20200706;693692;École de pilotage St-Hubert;École de pilotage Saint-Hubert inc. (secteur anglophone);5680, chemin de l'Aéroport;;58227;Longueuil;V;J3Y8Y9;Installation collège privé;Privé;www.ecoledepilotagesainthubert.com;-73.409908;45.51369;Collégial;2_Privé
778;20200706;693693;Collège Eid Air Aviation;Collège Eid Air Aviation;101, rue du Ciel;;46078;Bromont;V;J2L2X4;Collège privé;Privé;www.eidair.net;-72.732404;45.295968;Collégial;2_Privé
779;20200706;693694;Collège Eid Air Aviation (anglophone);Collège Eid Air Aviation (secteur anglophone);101, rue du Ciel;;46078;Bromont;V;J2L2X4;Installation collège privé;Privé;www.eidair.net;-72.732404;45.295968;Collégial;2_Privé
780;20200706;693695;Sélect aviation centre de formation;Sélect aviation centre de formation;10-4789, boulevard Allard;;49058;Drummondville;V;J2A2R8;Collège privé;Privé;selectaviation.com;-72.390731;45.851966;Collégial;2_Privé
781;20200706;693696;Sélect aviation centre de formation;Sélect aviation centre de formation (secteur anglophone);10-4789, boulevard Allard;;49058;Drummondville;V;J2A2R8;Installation collège privé;Privé;selectaviation.com;-72.390731;45.851966;Collégial;2_Privé
782;20200706;693697;Passport Hélico;Passport Hélico;3320, avenue de La Gare;Bureau 10;64015;Mascouche;V;J7K3C1;Collège privé;Privé;www.passport-helico.com;-73.595881;45.721726;Collégial;2_Privé
783;20200706;693698;Passport Hélico (anglophone);Passport Hélico (secteur anglophone);3320, avenue de La Gare;Bureau 10;64015;Mascouche;V;J7K3C1;Installation collège privé;Privé;www.passport-helico.com;-73.595881;45.721726;Collégial;2_Privé
784;20200706;693699;Collège d'aéronautique;Collège d'aéronautique;300, boulevard Marcel-Laurin, bureau 200;;66023;Montréal;V;H4M2L4;Collège privé;Privé;www.academyofaeronautics.com;-73.675901;45.503044;Collégial;2_Privé
785;20200706;693700;Collège d'aéronautique (anglais);Collège d'aéronautique (secteur anglophone);300, boulevard Marcel-Laurin, bureau 200;;66023;Montréal;V;H4M2L4;Installation collège privé;Privé;www.academyofaeronautics.com;-73.675901;45.503044;Collégial;2_Privé
786;20200706;693701;Collège d'aéronautique;Collège d'aéronautique;12550, rue Service A-4;Hangar numéro 16;74005;Mirabel;V;J7N1E8;Installation collège privé;Privé;www.academyofaeronautics.com;-74.02978;45.675658;Collégial;2_Privé
787;20200706;693702;Collège d'aéronautique;Collège d'aéronautique;12550, rue Service A-4;Hangar numéro 16;74005;Mirabel;V;J7N1E8;Installation collège privé;Privé;www.academyofaeronautics.com;-74.02978;45.675658;Collégial;2_Privé
788;20200706;693710;Collège Greystone;Collège Greystone;550, rue Sherbrooke Ouest, tour est;Bureau 800;66023;Montréal;V;H3A1B9;Collège privé;Privé;www.greystonecollege.com;-73.572533;45.505908;Collégial;2_Privé
789;20200706;693711;Collège Greystone (secteur anglophone);Collège Greystone (secteur anglophone);550, rue Sherbrooke Ouest, tour est;Bureau 800;66023;Montréal;V;H3A1B9;Installation collège privé;Privé;www.greystonecollege.com;-73.572533;45.505908;Collégial;2_Privé
790;20200706;693720;Institut Quadrilium de Montréal;Institut Quadrilium de Montréal;5285, boulevard Décarie, bureau 100;;66023;Montréal;V;H3W3C2;Collège privé;Privé;www.institut-quadrilium.com;-73.631994;45.485303;Collégial;2_Privé
791;20200706;693721;Institut Quadrilium de Montréal;Institut Quadrilium de Montréal (secteur anglophone);5285, boulevard Décarie, bureau 100;;66023;Montréal;V;H3W3C2;Installation collège privé;Privé;www.institut-quadrilium.com;-73.631998;45.4853;Collégial;2_Privé
720;20200706;690530;École du Show-Business;École du Show-Business;1922, rue Ste-Catherine Ouest 6e étage;;66023;Montréal;V;H3H1M4;Collège privé;Privé;http://www.ecoledushowbusiness.com;-73.580462;45.492308;Collégial;2_Privé
721;20200706;690555;Collège Universel - Campus Gatineau;Collège Universel - Campus Gatineau;101, rue Saint-Jean-Bosco;;81017;Gatineau;V;J8Y3G5;Collège privé;Privé;www.collegeuniversel.ca;-75.73832;45.428265;Collégial;2_Privé
722;20200706;690556;Collège Universel (anglophone);Collège Universel - Campus Gatineau (secteur anglophone);101, rue Saint-Jean-Bosco;;81017;Gatineau;V;J8Y3G5;Installation collège privé;Privé;www.collegeuniversel.ca;-75.73832;45.428265;Collégial;2_Privé
723;20200706;690571;Campus ND-Foy /Coll.BCM (Vézina);Campus Notre-Dame-de-Foy/Collège BCM (rue Vézina);5115, rue Vézina;;66023;Montréal;V;H3W1C2;Installation collège privé;Privé;www.cndf.qc.ca;-73.646236;45.494133;Collégial;2_Privé
724;20200706;690572;Campus ND-Foy /Coll.BCM (Décarie);Campus Notre-Dame-de-Foy/Collège BCM (boul. Décarie);6900, boulevard Décarie, bureau 216;;66058;Côte-Saint-Luc;V;H3X2T8;Installation collège privé;Privé;http://www.cndf.qc.ca;-73.650338;45.491484;Collégial;2_Privé
725;20200706;690574;Capitale Hélicoptère;Capitale Hélicoptère;1688, route de l'Aéroport;;23027;Québec;V;G2G0K1;Installation collège privé;Privé;www.cndf.qc.ca;-71.372998;46.800236;Collégial;2_Privé
726;20200706;691510;Collège MultiHexa Saguenay/Lac St-Jean;Collège MultiHexa Saguenay/Lac Saint-Jean;930, rue Jacques-Cartier Est;Bureau C-200;94068;Saguenay;V;G7H7K9;Collège privé;Privé;http://www.collegemultihexa.ca;-71.040513;48.421084;Collégial;2_Privé
727;20200706;691580;Collège CDI - Pointe Claire;Collège CDI Administration . Technologie . Santé - Pointe-Claire;1000, boulevard St-Jean;;66097;Pointe-Claire;V;H9R5P1;Établissement d'enseignement collège privé;Privé;http://www.cdicollege.com/;-73.832741;45.469077;Collégial;2_Privé
728;20200706;691581;Collège CDI - Anjou, ens. en anglais;Collège CDI Administration . Technologie . Santé - Anjou;7400, boulvard des Galeries d'Anjou;bureau 100;66023;Montréal;V;H1M3M2;Installation collège privé;Privé;www.collegecdi.ca;-73.564768;45.596906;Collégial;2_Privé
729;20200706;691582;Collège CDI - Anjou;Collège CDI Administration . Technologie . Santé - Anjou;7400, boulevard des Galeries d'Anjou;Bureau 130;66023;Montréal;V;H1M3M2;Établissement d'enseignement collège privé;Privé;http://www.collegecdi.ca;-73.564768;45.596906;Collégial;2_Privé
730;20200706;691583;Collège CDI Pointe-Claire, ens. en ang.;Collège CDI Administration . Technologie . Santé - Pointe-Claire;1000, boulevard St-Jean Bureau 500;;66097;Pointe-Claire;V;H9R5P1;Installation collège privé;Privé;http://www.cdicollege.com;-73.832741;45.469077;Collégial;2_Privé
731;20200706;692531;Institut Grasset;Institut Grasset;220, Avenue Fairmount Ouest;;66023;Montréal;V;H2T2M7;Installation collège privé;Privé;www.institut-grasset.qc.ca;-73.596486;45.521235;Collégial;2_Privé
732;20200706;692540;Collège d'enseignement en immobilier inc;Collège d'enseignement en immobilier inc.;405, avenue Ogilvy, bureau 104;;66023;Montréal;V;H3N1M3;Collège privé;Privé;www.college-cei.com;-73.625699;45.531078;Collégial;2_Privé
733;20200706;692550;Institut Teccart;Institut Teccart;3030, rue Hochelaga;;66023;Montréal;V;H1W1G2;Collège privé;Privé;http://www.teccart.qc.ca/;-73.554851;45.540421;Collégial;2_Privé
734;20200706;692551;Collège Tec@Art Rive-Sud;Collège Tec@Art Rive-Sud;4405, rue Leckie;;58227;Longueuil;V;J3Y9E6;Installation collège privé;Privé;http://www.teccart.qc.ca/;-73.431878;45.51843;Collégial;2_Privé
735;20200706;692552;Académie des arts et design;Académie des arts et design;7305, Marie-Victorin;2e étage;58007;Brossard;V;J4W1A6;Installation collège privé;Privé;http://www.teccart.qc.ca/;-73.491905;45.463604;Collégial;2_Privé
736;20200706;692570;Le CEFTEQ;Centre de formation collégial en techniques équines du Québec, le CEFTEQ;775, boulevard Saint-Luc;;56083;Saint-Jean-sur-Richelieu;V;J2W2G6;Collège privé;Privé;http://www.centreequestredechambly.com/;-73.32891;45.367543;Collégial;2_Privé
737;20200706;692580;École de sténographie judiciaire;École de sténographie judiciaire du Québec;465,rue St-Jean;Bureau 505;66023;Montréal;V;H2Y2R6;Collège privé;Privé;http://www.ecoledestenographie.ca/;-73.557216;45.502709;Collégial;2_Privé
738;20200706;692581;Sténographie judiciaire (anglophone);École de sténographie judiciaire du Québec (secteur anglophone);465, rue Saint-Jean;Bureau 505;66023;Montréal;V;H2Y2R6;Installation collège privé;Privé;http://www.ecoledestenographie.ca/;-73.557108;45.502604;Collégial;2_Privé
739;20200706;692590;Collège de l'immobilier du Québec;Collège de l'immobilier du Québec;600, chemin du Golf;;66023;Montréal;V;H3E1A8;Collège privé;Privé;http://www.collegeimmobilier.com;-73.552381;45.466976;Collégial;2_Privé
740;20200706;692591;Coll. de l'immo. du Québec, ens. ang.;Collège de l'immobilier du Québec, enseignement en anglais;600, chemin du Golf;;66023;Montréal;V;H3E1A8;Installation collège privé;Privé;http://www.collegeimmobilier.com;-73.552381;45.466976;Collégial;2_Privé
741;20200706;692592;Collège de l'immobilier du Québec;Collège de l'immobilier du Québec;6300, avenue Auteuil, bureau 527;;58007;Brossard;V;J4Z3P2;Installation collège privé;Privé;;-73.464205;45.467495;Collégial;2_Privé
742;20200706;692593;Collège de l'immobilier du Québec;Collège de l'immobilier du Québec;3224, avenue Jean-Béraud;;65005;Laval;V;H7T2S4;Installation collège privé;Privé;;-73.757844;45.567533;Collégial;2_Privé
743;20200706;693510;Collège TAV;Collège TAV;6333, boulevard Décarie;;66023;Montréal;V;H3W3E1;Collège privé;Privé;http://www.tav.ca;-73.643399;45.490456;Collégial;2_Privé
744;20200706;693511;Collège TAV;Collège TAV (secteur anglophone);5030, rue Jeanne-Mance;;66023;Montréal;V;H2V4J8;Installation collège privé;Privé;http://www.tav.ca;-73.594704;45.519797;Collégial;2_Privé
745;20200706;693520;Collège Ellis, campus de Drummondville;Collège Ellis, campus de Drummondville, Montréal;2195, avenue Ekers;;66072;Mont-Royal;V;H3S1C6;Installation collège privé;Privé;http://www.ellis.qc.ca;-73.627403;45.51591;Collégial;2_Privé
746;20200706;693521;Collège Ellis, campus de Drummondville;Collège Ellis, campus de Drummondville, Sainte-Agathe;33, rue Saint-Vincent;;78032;Sainte-Agathe-des-Monts;V;J8C2A5;Installation collège privé;Privé;http://www.ellis.qc.ca;-74.288198;46.047573;Collégial;2_Privé
747;20200706;693522;Collège Ellis, campus de Drummondville;Collège Ellis, campus de Drummondville, Longueuil;150, place Charles-Le Moyne;local L1-2060;58227;Longueuil;V;J4K0A8;Installation collège privé;Privé;http://www.ellis.qc.ca;-73.520342;45.524891;Collégial;2_Privé
748;20200706;693530;Collégial international Sainte-Anne;Collégial international Sainte-Anne;1300, boulevard Saint-Joseph;;66023;Montréal;V;H8S2M8;Collège privé;Privé;collegial.sainteanne.ca;-73.67581;45.432433;Collégial;2_Privé
749;20200706;693540;Collège Ellis, campus T-Riv, Longeuil;Collège Ellis, campus de Trois-Rivières, Longueuil;150, place Charles-Le Moyne, bureau 2060;;58227;Longueuil;V;J4K0A8;Installation collège privé;Privé;http://www.ellis.qc.ca;-73.520342;45.524891;Collégial;2_Privé
750;20200706;693550;Collège Canada inc.;Collège Canada inc.;1118, rue Sainte-Catherine Ouest;Bureau 403;66023;Montréal;V;H3B1H5;Collège privé;Privé;www.collegecanada.com;-73.572936;45.499593;Collégial;2_Privé
751;20200706;693551;Collège Canada (secteur anglophone);Collège Canada (secteur anglophone);1118, rue Sainte-Catherine Ouest;4e étage;66023;Montréal;V;H3B1H5;Installation collège privé;Privé;www.collegecanada.com;-73.572936;45.499593;Collégial;2_Privé
752;20200706;693560;Collège St-Michel;Collège St-Michel;1995, rue Bélanger;;66023;Montréal;V;H2G1B8;Collège privé;Privé;;-73.602282;45.548009;Collégial;2_Privé
753;20200706;693561;Collège St-Michel;Collège St-Michel;1900, rue Sauvé Est;;66023;Montréal;V;H2B3A8;Installation collège privé;Privé;www.collegest-michel.ca;-73.646744;45.566479;Collégial;2_Privé
754;20200706;693562;Collège St-Michel;Collège St-Michel (secteur anglophone);1995, rue Bélanger;;66023;Montréal;V;H2G1B8;Installation collège privé;Privé;www.collegest-michel.ca;-73.602282;45.548009;Collégial;2_Privé
755;20200706;693570;Collège des Tech. de l'Information;Collège des Technologies de l'Information de Montréal;1255, boulevard Robert-Bourassa;Bureau 100;66023;Montréal;V;H3B3V8;Collège privé;Privé;www.montrealcollege.ca;-73.569217;45.503141;Collégial;2_Privé
756;20200706;693571;Collège des Technologies de l'Info. Mtl;Collège des Technologies de l'Information de Montréal;1255, boulevard Robert-Bourassa;Bureau 502;66023;Montréal;V;H3B3V8;Installation collège privé;Privé;;-73.569217;45.503141;Collégial;2_Privé
757;20200706;693580;Collège Inter-Dec (Laval);Collège Inter-Dec (Laval);1595, boulevard Daniel-Johnson;;65005;Laval;V;H7V4C2;Installation collège privé;Privé;http://www.collegeinterdec.com;-73.743126;45.557666;Collégial;2_Privé
758;20200706;693590;Air Richelieu;Air Richelieu;5800, route de l'Aéroport;;58227;Longueuil;V;J3Y8Y9;Collège privé;Privé;www.airrichelieu.com;-73.408295;45.514085;Collégial;2_Privé
759;20200706;693591;Air Richelieu (secteur anglophone);Air Richelieu (secteur anglophone);5800, route de l'Aéroport;;58227;Longueuil;V;J3Y8Y9;Installation collège privé;Privé;www.airrichelieu.com;-73.412887;45.519675;Collégial;2_Privé
760;20200706;693600;Isart Digital Montréal inc.;Isart Digital Montréal inc.;1440, rue Sainte-Catherine Ouest;suite 1000;66023;Montréal;V;H3G1R8;Collège privé;Privé;www.isartdigital.ca;-73.576322;45.495757;Collégial;2_Privé
761;20200706;693603;Rubika;Rubika, école supérieure de création numérique appliquée à l'animation, au design et au jeu vidéo inc.;430-5455, Avenue de Gaspé;;66023;Montréal;V;H2T3B3;Collège privé;Privé;http://rubika-edu.ca/;-73.596369;45.527525;Collégial;2_Privé
762;20200706;693610;Coll. de gest., tech. et santé Matrix;Collège de gestion, technologie et santé Matrix inc.;1980, rue Sherbrooke Ouest;bureau 240, 609, 709 et 711;66023;Montréal;V;H3H1E8;Collège privé;Privé;www.matrixcollege.ca;-73.569217;45.503141;Collégial;2_Privé
763;20200706;693611;Gestion,tech.,santé Matrix (anglophone);Collège de gestion, technologie et santé Matrix inc (secteur anglophone);1980, rue Sherbrooke Ouest;Bureau 609 et 709;66023;Montréal;V;H3H1E8;Installation collège privé;Privé;www.matrixcollege.ca;-73.58365;45.493727;Collégial;2_Privé
764;20200706;693620;Musitechnic Formation, ens. en anglais;Musitechnic Formation, enseignement en anglais;1088, rue Clark;;66023;Montréal;V;H2Z1K2;Installation collège privé;Privé;http://www.musitechnic.com;-73.560962;45.507753;Collégial;2_Privé
765;20200706;693630;Syn Studio;Syn Studio;460, rue Sainte-Catherine Ouest;bureau 508;66023;Montréal;V;H3B1A7;Collège privé;Privé;Http://synstudio.ca/fr/;-73.56767;45.50495;Collégial;2_Privé
766;20200706;693631;Syn Studio, ens. en anglais;Syn Studio, enseignement en anglais;460, rue Saint-Catherine Ouest;bureau 508;66023;Montréal;V;H3B1A7;Installation collège privé;Privé;http://synstudio.ca/fr/;-73.56767;45.50495;Collégial;2_Privé
767;20200706;693640;Lachute Aviation;Lachute Aviation;480, boulevard de l'Aéroparc;;76020;Lachute;V;J8H3R8;Collège privé;Privé;http://www.lachuteaviation.com;-74.363093;45.638745;Collégial;2_Privé
768;20200706;693651;Cargair Ltée;Cargair Ltée;6100 et 6050 route de l'Aéroport;;58227;Longueuil;V;J3Y8Y9;Collège privé;Privé;www.cargair.com;-73.404836;45.516116;Collégial;2_Privé
769;20200706;693652;Cargair ltée;Cargair ltée (secteur anglophone);6100 et 6050 chemin de l'Aéroport;;58227;Longueuil;V;J3Y8Y9;Installation collège privé;Privé;www.cargair.com;-73.404836;45.516116;Collégial;2_Privé
770;20200706;693661;Hélicraft;Hélicraft;6500, chemin de la Savane;;58227;Longueuil;V;J3Y8Y9;Collège privé;Privé;www.helicraft.ca;-73.410916;45.531661;Collégial;2_Privé
771;20200706;693671;Collège Avalon;Collège Avalon;455, rue du Marais;bureau 200;23027;Québec;V;G1M3A2;Collège privé;Privé;www.collegeavalon.com;-71.282691;46.827158;Collégial;2_Privé
792;20200706;693730;École de management INSA;École de management INSA;460, rue Ste-Catherine Ouest, bureau 302;;66023;Montréal;V;H3B1A7;Collège privé;Privé;https://www.em-insa.com/;-73.56767;45.50495;Collégial;2_Privé
793;20200706;693731;École de management INSA (anglais);École de management INSA (secteur anglophone);460, rue Ste-Catherine Ouest;Bureau 940;66023;Montréal;V;H3B1A7;Installation collège privé;Privé;https://www.em-insa.com/;-73.56767;45.50495;Collégial;2_Privé
794;20200706;693735;Collège l'Avenir de Rosemont;Collège l'Avenir de Rosemont;3244, boulevard Rosemont;;66023;Montréal;V;H1Y1M7;Collège privé;Privé;www.collegelavenirderosemont.com;-73.580254;45.552913;Collégial;2_Privé
795;20200706;693740;Collège M du Canada;Collège M du Canada;8550, boulevard Newman;;66023;Montréal;V;H8N1Y5;Collège privé;Privé;www.collegeM.ca;-73.631509;45.430963;Collégial;2_Privé
796;20200706;693741;Collège M du Canada (secteur anglophone);Collège M du Canada (secteur anglophone);8550, boulevard Newman;;66023;Montréal;V;H8N1Y5;Installation collège privé;Privé;www.collegeM.ca;-73.631509;45.430963;Collégial;2_Privé
797;20200706;693750;École Pivaut Montréal Inc.;École Pivaut Montréal Inc.;304-5333, avenue Casgrain;;66023;Montréal;V;H2T1X3;Collège privé;Privé;www.ecole-pivaut.ca;-73.595048;45.526194;Collégial;2_Privé
798;20200706;693755;Campus d'effets visuels - Lost Boys Mtl.;Campus d'effets visuels Inc.;2261, avenue Papineau;Bureau 105;66023;Montréal;V;H2K4J5;Collège privé;Privé;https://campusvfx.com/;-73.562674;45.527765;Collégial;2_Privé
898;20200706;719503;École de musique Vincent d'Indy;École de musique Vincent d'Indy;628, chemin de la Côte-Sainte-Catherine;;66023;Montréal;V;H2V2C5;Collège privé;Privé;http://www.emvi.qc.ca;-73.613168;45.512113;Collégial;2_Privé
899;20200706;719517;Collège Stanislas inc.;Collège Stanislas inc.;780, boul. Dollard;;66023;Montréal;V;H2V3G5;Collège privé;Privé;http://www.stanislas.qc.ca;-73.614857;45.518005;Collégial;2_Privé
1263;20200706;747747;Collège CDI - Montréal, ens. en anglais;Collège CDI Administration . Technologie . Santé, enseignement en anglais;416, boulevard de Maisonneuve Ouest;Bureau 700;66023;Montréal;V;H3A1L2;Installation collège privé;Privé;http://www.collegecdi.ca;-73.569586;45.505859;Collégial;2_Privé
1264;20200706;748548;Collège LaSalle, ens. en anglais;Collège LaSalle, enseignement en anglais;2000, rue Sainte-Catherine Ouest;;66023;Montréal;V;H3H2T2;Installation collège privé;Privé;http://www.collegelasalle.com;-73.581805;45.491442;Collégial;2_Privé
1265;20200706;748561;Coll. O'Sullivan Mtl inc., ens. en ang.;Collège O'Sullivan de Montréal, enseignement en anglais;1191, rue de la Montagne;;66023;Montréal;V;H3G1Z2;Installation collège privé;Privé;http://www.osullivan.edu;-73.573406;45.497406;Collégial;2_Privé
1266;20200706;748720;Collège April-Fortier, ens. en anglais;Collège April-Fortier, enseignement en anglais;1001, rue Sherbrooke Est, bureau 350;;66023;Montréal;V;H2L1N3;Installation collège privé;Privé;http://www.april-fortier.com;-73.566455;45.520519;Collégial;2_Privé
1267;20200706;748738;Institut Trebas Québec Inc., ens. en ang;Institut Trebas Québec Inc., enseignement en anglais;550, rue Sherbrooke Ouest, 6e étage;;66023;Montréal;V;H3A1B9;Installation collège privé;Privé;http://www.trebas.com;-73.572533;45.505908;Collégial;2_Privé
1268;20200706;748760;Collège Inter-Dec, ens. en anglais;Collège Inter-Dec, enseignement en anglais;2000, rue Sainte-Catherine Ouest;;66023;Montréal;V;H3H2T2;Installation collège privé;Privé;http://www.collegeinterdec.com;-73.581805;45.491442;Collégial;2_Privé
1269;20200706;748761;Coll. tech. Montréal inc., ens en ang.;Collège technique de Montréal inc., enseignement en anglais;8255, Mountain Sights, bureau 150;;66023;Montréal;V;H4P2B5;Installation collège privé;Privé;http://www.mtccollege.com;-73.657743;45.500506;Collégial;2_Privé
1270;20200706;748937;École nationale de cirque, ens. en ang;École nationale de cirque, enseignement en anglais;8181, 2e Avenue;;66023;Montréal;V;H1Z4N9;Installation collège privé;Privé;http://www.enc.qc.ca/;-73.613646;45.561794;Collégial;2_Privé
1271;20200706;749547;Collège André-Grasset (1973) inc.;Collège André-Grasset (1973) inc.;1001, boul. Crémazie Est;;66023;Montréal;V;H2M1M3;Collège privé;Privé;http://www.grasset.qc.ca;-73.633141;45.551208;Collégial;2_Privé
1272;20200706;749548;Collège LaSalle;Collège LaSalle;2000, rue Sainte-Catherine Ouest;Bureau 2000;66023;Montréal;V;H3H2T2;Collège privé;Privé;http://www.collegelasalle.com;-73.581805;45.491442;Collégial;2_Privé
1273;20200706;749550;André-Grasset (secteur anglophone);Collège André-Grasset (secteur anglophone);1001, boulvevard Crémazie Est;;66023;Montréal;V;H2M1M3;Installation collège privé;Privé;;-73.633141;45.551208;Collégial;2_Privé
1274;20200706;749553;Collège de photographie Marsan inc.;Collège de photographie Marsan inc.;3536, boulevard Saint-Laurent;;66023;Montréal;V;H2X2V1;Collège privé;Privé;http://www.collegemarsan.qc.ca;-73.57134;45.51293;Collégial;2_Privé
1275;20200706;749554;Collège de photographie Marsan (anglo.);Collège de photographie Marsan inc.(secteur anglophone);2030, boulevard Pie-IX;Bureau 201;66023;Montréal;V;H1V2C8;Installation collège privé;Privé;http://www.collegemarsan.qc.ca;-73.542568;45.550519;Collégial;2_Privé
1276;20200706;749556;Collège Jean-de-Brébeuf;Collège Jean-de-Brébeuf;3200, chemin de la Côte-Sainte-Catherine;;66023;Montréal;V;H3T1C1;Collège privé;Privé;http://www.brebeuf.qc.ca;-73.622805;45.501611;Collégial;2_Privé
1277;20200706;749557;Collège international Marie de France;Collège international Marie de France;4635, chemin Queen-Mary;;66023;Montréal;V;H3W1W3;Collège privé;Privé;http://www.cimf.ca;-73.625122;45.490252;Collégial;2_Privé
1278;20200706;749561;Collège O'Sullivan de Montréal inc.;Collège O'Sullivan de Montréal inc.;1191, rue de la Montagne;;66023;Montréal;V;H3G1Z2;Collège privé;Privé;http://www.osullivan.edu;-73.573406;45.497406;Collégial;2_Privé
1280;20200706;749648;Collège LaSalle;Collège LaSalle;1595, boulevard Daniel-Johnson;;65005;Laval;V;H7V4C2;Installation collège privé;Privé;http://www.collegelasalle.com/;-73.743126;45.557666;Collégial;2_Privé
1281;20200706;749649;Collège LaSalle (secteur anglophone);Collège LaSalle (secteur anglophone);1595, boulevard Daniel-Johnson;;65005;Laval;V;H7V4C2;Installation collège privé;Privé;http://www.collegelasalle.com/;-73.743126;45.557666;Collégial;2_Privé
1283;20200706;749672;École nationale de théâtre du Canada;École nationale de théâtre du Canada;5030, rue Saint-Denis;;66023;Montréal;V;H2J2L8;Collège privé;Privé;http://www.ent-nts.ca;-73.589031;45.526235;Collégial;2_Privé
1284;20200706;749673;École nationale de théâtre du Canada;École nationale de théâtre du Canada;1182, boulevard Saint-Laurent;;66023;Montréal;V;H2X2S5;Installation collège privé;Privé;http://www.ent-nts.ca;-73.562448;45.508922;Collégial;2_Privé
1285;20200706;749674;École nationale de théâtre du Canada;École nationale de théâtre du Canada;360, avenue Laurier Est;;66023;Montréal;V;H2T3B6;Installation collège privé;Privé;http://www.ent-nts.ca;-73.58962;45.526379;Collégial;2_Privé
1287;20200706;749701;Collège Centennial;Collège Centennial;2075, rue Sherbrooke Ouest;;66023;Montréal;V;H3H1G6;Collège privé;Privé;http://www.centennial.qc.ca/;-73.586766;45.493525;Collégial;2_Privé
1288;20200706;749712;Collège Marianopolis;Collège Marianopolis;4873, avenue Westmount;;66032;Westmount;V;H3Y1X9;Collège privé;Privé;http://www.marianopolis.edu;-73.612297;45.481213;Collégial;2_Privé
1289;20200706;749720;Collège April-Fortier inc.;Collège April-Fortier inc.;1001, rue Sherbrooke Est, bureau 350;;66023;Montréal;V;H2L1N3;Collège privé;Privé;http://www.april-fortier.com;-73.566455;45.520519;Collégial;2_Privé
1290;20200706;749721;Collège April-Fortier inc.;Collège April-Fortier inc. Longueuil;4660, montée Saint-Hubert, local 104;;58227;Longueuil;V;J3Y1V1;Installation collège privé;Privé;;-73.438416;45.486093;Collégial;2_Privé
1291;20200706;749730;Collège International des Marcellines;Collège International des Marcellines;815, avenue Upper Belmont;;66032;Westmount;V;H3Y1K5;Collège privé;Privé;http://cim.marcelline.qc.ca;-73.617444;45.489622;Collégial;2_Privé
1292;20200706;749738;Institut Trebas Québec Inc.;Institut Trebas Québec Inc.;550, rue Sherbrooke Ouest, 6e étage;;66023;Montréal;V;H3A1B9;Collège privé;Privé;http://www.trebas.com;-73.572533;45.505908;Collégial;2_Privé
1293;20200706;749747;Collège CDI - Montréal;Collège CDI Administration . Technologie . Santé;416, boul. de Maisonneuve O. bureau 700;;66023;Montréal;V;H3A1L2;Collège privé;Privé;http://www.collegecdi.ca;-73.569586;45.505859;Collégial;2_Privé
1294;20200706;749751;École de danse contemporaine de Montréal;École de danse contemporaine de Montréal;1435, rue De Bleury, 6e étage;;66023;Montréal;V;H3A2H7;Collège privé;Privé;www.edcm.ca;-73.567519;45.506903;Collégial;2_Privé
1295;20200706;749756;Collège Herzing;Collège Herzing (secteur francophone);8370, boulevard Lacordaire;;66023;Montréal;V;H1R3Y6;Installation collège privé;Privé;www.herzing.ca;-73.597089;45.585554;Collégial;2_Privé
1296;20200706;749757;Collège Herzing;Collège Herzing (secteur anglophone);8370, boulevard Lacordaire;;66023;Montréal;V;H1R3Y6;Installation collège privé;Privé;www.herzing.ca;-73.597089;45.585554;Collégial;2_Privé
1297;20200706;749758;Collège Herzing;Collège Herzing;1616, boul. René-Lévesque Ouest;;66023;Montréal;V;H3H1P8;Collège privé;Privé;www.herzing.ca;-73.575236;45.493246;Collégial;2_Privé
1298;20200706;749759;Collège Herzing;Collège Herzing (secteur anglophone);1616, boulevard René-Lévesque Ouest;;66023;Montréal;V;H3H1P8;Installation collège privé;Privé;www.herzing.ca;-73.575236;45.493246;Collégial;2_Privé
1299;20200706;749760;Collège Inter-Dec;Collège Inter-Dec;2000, rue Sainte-Catherine Ouest;;66023;Montréal;V;H3H2T2;Collège privé;Privé;http://www.collegeinterdec.com;-73.581805;45.491442;Collégial;2_Privé
1300;20200706;749761;Collège technique de Montréal inc.;Collège technique de Montréal inc.;8255, Mountain Sights, bureau 150;;66023;Montréal;V;H4P2B5;Collège privé;Privé;http://www.mtccollege.com;-73.657743;45.500506;Collégial;2_Privé
1301;20200706;749795;Collège Salette inc.;Collège Salette inc.;3536, boulevard Saint-Laurent;;66023;Montréal;V;H2X2V1;Collège privé;Privé;http://www.collegesalette.com;-73.57134;45.51293;Collégial;2_Privé
1302;20200706;749796;Collège Salette (anglophone);Collège Salette inc. (secteur anglophone);418, rue Sherbrooke Est;3e étage;66023;Montréal;V;H2L1J6;Installation collège privé;Privé;https://collegesalette.com/;-73.566912;45.51709;Collégial;2_Privé
1303;20200706;749841;Musitechnic Formation;Musitechnic Formation;1088, rue Clark;;66023;Montréal;V;H2Z1K2;Collège privé;Privé;https://www.musitechnic.com;-73.560962;45.507753;Collégial;2_Privé
1304;20200706;749937;École nationale de cirque;École nationale de cirque;8181, 2e Avenue;;66023;Montréal;V;H1Z4N9;Collège privé;Privé;www.ecolenationaledecirque.ca;-73.613646;45.561794;Collégial;2_Privé
1305;20200706;749990;Centre de recherche, d'innovation en Art;Centre de recherche, d'innovation et de transfert en Arts du cirque;8181, 2e avenue;;66023;Montréal;V;H1Z4N9;Centre collégial de transfert de technologie;Privé;http://ecolenationaledecirque.ca/fr/lecole/critac;-73.613644;45.561787;Collégial;2_Privé
1306;20200706;749995;École nationale de l'humour;École nationale de l'humour;2120, rue Sherbrooke Est, 7e étage;;66023;Montréal;V;H2K1C3;Collège privé;Privé;http://www.enh.qc.ca;-73.562555;45.530986;Collégial;2_Privé
3767;20200706;937090;MÉCANIUM inc.;MÉCANIUM inc.;11700, 25e Avenue Est;;29073;Saint-Georges;V;G5Y8B8;Centre collégial de transfert de technologie;Public;www.sitte.qc.ca;-70.664363;46.130127;Collégial;1_Public
3768;20200706;938000;Cégep Marie-Victorin;Cégep Marie-Victorin;7000, rue Marie-Victorin;;66023;Montréal;V;H1G2J6;Cégep;Public;http://www.collegemv.qc.ca;-73.605529;45.618066;Collégial;1_Public
3769;20200706;938003;Marie-Victorin (sect. anglophone) Cégep;Cégep Marie-Victorin (section anglophone);7000, rue Marie-Victorin;;66023;Montréal;V;H1G2J6;Centre d'enseignement;Public;http://www.collegemc.qc.ca;-73.605529;45.618066;Collégial;1_Public
3770;20200706;938090;Vestechpro, Cen. recher. inno. habille.;VESTECHPRO Centre de recherche et d'innovation en habillement;7000, rue Marie-Victorin;Local S-007;66023;Montréal;V;H1G2J6;Centre collégial de transfert de technologie;Public;http://www.vestechpro.com;-73.605529;45.618066;Collégial;1_Public
3771;20200706;939000;Cégep Gérald-Godin;Cégep Gérald-Godin;15615, boulevard Gouin Ouest;;66023;Montréal;V;H9H5K8;Cégep;Public;http://www.cgodin.qc.ca;-73.868988;45.483381;Collégial;1_Public
3772;20200706;940000;Cégep régional de Lanaudière;Cégep régional de Lanaudière;781, rue Notre-Dame;;60013;Repentigny;V;J5Y1B4;Collège régional;Public;http://www.cegep-lanaudiere.qc.ca;-73.426006;45.75983;Collégial;1_Public
3773;20200706;940001;Cégep rég. Lanaudière à L'Assomption;Cégep régional de Lanaudière à L'Assomption;180, rue Dorval;;60028;L'Assomption;V;J5W6C1;Collège constituant;Public;http://www.cegep-lanaudiere.qc.ca;-73.420818;45.828706;Collégial;1_Public
3774;20200706;940002;Cégep rég. Lanaudière à Terrebonne;Cégep régional de Lanaudière à Terrebonne;2505, boulevard des Entreprises;;64008;Terrebonne;V;J6X5S5;Collège constituant;Public;http://www.cegep-lanaudiere.qc.ca;-73.705615;45.720681;Collégial;1_Public
3775;20200706;940291;INÉDI;INÉDI;2505, boulevard des Entreprises;;64008;Terrebonne;V;J6X5S5;Centre collégial de transfert de technologie;Public;www.inedi.ca;-73.705615;45.720681;Collégial;1_Public
3624;20200706;900000;Cégep de la Gaspésie et des Îles;Cégep de la Gaspésie et des Îles;96, rue Jacques-Cartier;;03005;Gaspé;V;G4X2S8;Cégep;Public;http://www.cegepgim.ca/;-64.484948;48.834178;Collégial;1_Public
3625;20200706;900001;Pavillon Gaspésie (section angl.);Gaspésie Pavillon (section anglophone);96, rue Jacques-Cartier;;03005;Gaspé;V;G4X2S8;Centre d'enseignement;Public;http://www.cegepgim.ca/;-64.484948;48.834178;Collégial;1_Public
3626;20200706;900004;Centre collégial Carleton-sur-mer;Centre d'études collégiales Carleton-sur-mer;776, boul. Perron;Case postale 1000;06013;Carleton-sur-Mer;V;G0C1J0;Centre d'enseignement;Public;http://www.cegepgim.ca/carleton/index.php;-66.106665;48.102258;Collégial;1_Public
3627;20200706;900005;École des pêches et de l'aquaculture;École des pêches et de l'aquaculture du Québec;167, La Grande Allée Est;C.P. 220;02015;Grande-Rivière;V;G0C1V0;Centre d'enseignement;Public;http://www.cegepgim.ca/;-64.489245;48.395821;Collégial;1_Public
3628;20200706;900006;Centre études coll. Iles-Madeleine;Centre d'études collégiales des Îles-de-la-Madeleine;15, chemin de la Piscine;Case postale 238;01023;Les Îles-de-la-Madeleine;M;G4T3X4;Centre d'enseignement;Public;http://www.cegepgim.ca/iles/index.php;-61.91541;47.372043;Collégial;1_Public
3629;20200706;900007;Campus de Montréal / Montreal Campus;Campus de Montréal / Montreal Campus;1001, rue Sherbrooke Est, bureau 200;;66023;Montréal;V;H2L1E3;Centre d'enseignement;Public;http://www.cegepgim.ca;-73.566455;45.520519;Collégial;1_Public
3630;20200706;900091;Merinov (CCTT des pêches);Merinov (CCTT des pêches);96, montée de Sandy-Beach, bureau 2.05;;03005;Gaspé;V;G4X2V6;Centre collégial de transfert de technologie;Public;www.merinov.ca/;-64.469002;48.822614;Collégial;1_Public
3631;20200706;900092;NERGICA;NERGICA;70, rue Bolduc;;03005;Gaspé;V;G4X1G2;Centre collégial de transfert de technologie;Public;www.nergica.com;-64.48659;48.834075;Collégial;1_Public
3632;20200706;900093;Cen. initia. recher. aide dévelop. dura.;Centre d'initiation à la recherche et d'aide au développement durable (CIRADD);776, boulevard Perron;Campus de Carleton-sur-Mer;06013;Carleton-sur-Mer;V;G0C1J0;Centre collégial de transfert de technologie;Public;www.ciradd.ca;-66.106665;48.102258;Collégial;1_Public
3633;20200706;901000;Cégep de Rimouski;Cégep de Rimouski;60, rue de l'Évêché Ouest;;10043;Rimouski;V;G5L4H6;Cégep;Public;http://www.cegep-rimouski.qc.ca/;-68.527809;48.448244;Collégial;1_Public
3634;20200706;901001;Institut maritime du Québec;Institut maritime du Québec;53, rue Saint-Germain Ouest;;10043;Rimouski;V;G5L4B4;Établissement d'enseignement;Public;http://www.imq.qc.ca/;-68.52951;48.449752;Collégial;1_Public
3635;20200706;901002;Centre matapédien études collégiales;Centre matapédien d'études collégiales (Cégep de Rimouski);92, rue Desbiens;;07047;Amqui;V;G5J3P6;Centre d'enseignement;Public;http://www.centre-matapedien.qc.ca/;-67.428984;48.467585;Collégial;1_Public
3636;20200706;901090;Service de trans. de produits forestiers;Corporation du service de recherche et d'expertise en transformation des produits forestiers de l'Est-du-Québec;25, rue Armand-Sinclair;Porte 5;07047;Amqui;V;G5J1K3;Centre collégial de transfert de technologie;Public;www.serex.ca;-67.436433;48.470431;Collégial;1_Public
3637;20200706;901091;Innovation maritime;Innovation maritime;53, rue Saint-Germain Ouest;;10043;Rimouski;V;G5L4B4;Centre collégial de transfert de technologie;Public;http://www.innovationmaritime.ca;-68.52951;48.449752;Collégial;1_Public
3638;20200706;902000;Cégep Limoilou;Cégep Limoilou;1300, 8e Avenue;;23027;Québec;V;G1J5L5;Cégep;Public;http://www.cegeplimoilou.ca;-71.227303;46.829949;Collégial;1_Public
3639;20200706;902002;Cégep Limoilou (Campus Charlesbourg);Cégep Limoilou, campus de Charlesbourg;7600, 3e Avenue Est;;23027;Québec;V;G1H7L4;Centre d'enseignement;Public;http://www.cegeplimoilou.ca;-71.26066;46.861673;Collégial;1_Public
3640;20200706;903000;Cégep de Sainte-Foy;Cégep de Sainte-Foy;2410, chemin Sainte-Foy;;23027;Québec;V;G1V1T3;Cégep;Public;http://www.cegep-ste-foy.qc.ca/;-71.286551;46.786243;Collégial;1_Public
3641;20200706;903090;Centre en foresterie de Ste-Foy inc.;Centre d'enseignement et de recherche en foresterie de Ste-Foy  inc.;2440 chemin Sainte-Foy;;23027;Québec;V;G1V1T2;Centre collégial de transfert de technologie;Public;http://www.cerfo.qc.ca/;-71.28542;46.785081;Collégial;1_Public
3642;20200706;903091;Centre imag. numérique-médias interact.;Centre en imagerie numérique et médias interactifs (CIMMI);2440, chemin Sainte-Foy;;23027;Québec;V;G1V1T2;Centre collégial de transfert de technologie;Public;http://www.cimmi.qc.ca;-71.28542;46.785081;Collégial;1_Public
3643;20200706;904000;Cégep de Sherbrooke;Cégep de Sherbrooke;475, rue du Cégep;;43027;Sherbrooke;V;J1E4K1;Cégep;Public;http://cegepsherbrooke.qc.ca/;-71.886249;45.411134;Collégial;1_Public
3644;20200706;904001;Cégep de Granby;Cégep de Granby;235, rue Saint-Jacques;;47017;Granby;V;J2G3N1;Cégep;Public;http://www.cegepgranby.qc.ca;-72.730172;45.399337;Collégial;1_Public
3645;20200706;904002;Site d'enseignement d'Asbestos;Site d'enseignement d'Asbestos;360, boulevard Saint-Luc;;40043;Asbestos;V;J1T2W5;Centre d'enseignement;Public;www.cegepsherbrooke.qc.ca;-71.937666;45.77872;Collégial;1_Public
3646;20200706;904090;Productique Québec inc.;Productique Québec inc.;720, rue Longpré;;43027;Sherbrooke;V;J1G4L3;Centre collégial de transfert de technologie;Public;http://www.productique.quebec;-71.859039;45.397303;Collégial;1_Public
3647;20200706;905000;Cégep de Trois-Rivières;Cégep de Trois-Rivières;3500, rue De Courval;C. P. 97;37067;Trois-Rivières;V;G9A5E6;Cégep;Public;http://www.cegeptr.qc.ca/;-72.572851;46.355241;Collégial;1_Public
3648;20200706;905090;Innofibre;Innofibre - Centre d'innovation des produits cellulosiques;3351, boulevard des Forges;Case postale 500;37067;Trois-Rivières;V;G9A5H7;Centre collégial de transfert de technologie;Public;http://www.cspp.qc.ca/;-72.57778;46.348038;Collégial;1_Public
3649;20200706;905091;Centre de métallurgie du Québec;Centre de métallurgie du Québec;3095, rue Westinghouse;Parc industriel des Hautes Forges;37067;Trois-Rivières;V;G9A5E1;Centre collégial de transfert de technologie;Public;http://www.cmqtr.qc.ca;-72.654718;46.371846;Collégial;1_Public
3650;20200706;905092;CCTT en télécommunications;Centre collégial de transfert de technologie en télécommunications;1300, Place du Technoparc, 2e étage;;37067;Trois-Rivières;V;G9A0A9;Centre collégial de transfert de technologie;Public;www.c2t3.qc.ca;-72.539105;46.352897;Collégial;1_Public
3651;20200706;906000;Collège Shawinigan;Collège Shawinigan;2263, avenue du Collège;;36033;Shawinigan;V;G9N6V8;Cégep;Public;http://www.cegepshawinigan.ca;-72.752777;46.563624;Collégial;1_Public
3652;20200706;906001;Centre d'études de La Tuque;Centre d'études collégiales de La Tuque;796, rue Réal;;90012;La Tuque;V;G9X2S7;Centre d'enseignement;Public;www.collegeshawinigan.ca;-72.77983;47.431578;Collégial;1_Public
3653;20200706;906090;Centre en électrochimie et tech. envi.;Centre national en électrochimie et en technologies environnementales inc.;2263, avenue du Collège;;36033;Shawinigan;V;G9N6V8;Centre collégial de transfert de technologie;Public;http://www.cnete.qc.ca/;-72.752777;46.563624;Collégial;1_Public
3654;20200706;907001;Cégep de Drummondville;Cégep de Drummondville;960, rue Saint-Georges;;49058;Drummondville;V;J2C6A2;Cégep;Public;http://www.cegepdrummond.ca;-72.505978;45.873671;Collégial;1_Public
3655;20200706;907002;Cégep de Sorel-Tracy;Cégep de Sorel-Tracy;3000, boulevard de Tracy;;53052;Sorel-Tracy;V;J3R5B9;Cégep;Public;http://www.cegepst.qc.ca/;-73.148841;46.014691;Collégial;1_Public
3656;20200706;907003;Cégep de St-Hyacinthe;Cégep de St-Hyacinthe;3000, avenue Boullé;;54048;Saint-Hyacinthe;V;J2S1H9;Cégep;Public;http://www.cegepsth.qc.ca/;-72.974946;45.617513;Collégial;1_Public
3657;20200706;907031;Cintech agroalimentaire;Cintech agroalimentaire;3224, rue Sicotte;;54048;Saint-Hyacinthe;V;J2S2M2;Centre collégial de transfert de technologie;Public;http://www.cintech.ca/;-72.967748;45.618869;Collégial;1_Public
3658;20200706;907032;Groupe CTT inc.;Groupe CTT inc.;3000, avenue Boullé;;54048;Saint-Hyacinthe;V;J2S1H9;Centre collégial de transfert de technologie;Public;http://www.gcttg.com;-72.974946;45.617513;Collégial;1_Public
3659;20200706;907091;CCTT en écologie industrielle;Centre de transfert technologique en écologie industrielle, centre J-E. Simard;3005, boul. de Tracy;;53052;Sorel-Tracy;V;J3R1C2;Centre collégial de transfert de technologie;Public;www.cttei.qc.ca;-73.150355;46.016232;Collégial;1_Public
3660;20200706;907192;Centre collégial d'expertise en géronto;Centre collégial d'expertise en gérontologie;960, rue Saint-Georges;;49058;Drummondville;V;J2C6A2;Centre collégial de transfert de technologie;Public;www.cceg.cegepdrummond.ca;-72.505977;45.873671;Collégial;1_Public
3661;20200706;908000;Cégep Saint-Jean-sur-Richelieu;Cégep Saint-Jean-sur-Richelieu;30, boulevard du Séminaire Nord;;56083;Saint-Jean-sur-Richelieu;V;J3B5J4;Cégep;Public;http://www.cstjean.qc.ca/;-73.269883;45.297645;Collégial;1_Public
3662;20200706;908002;St-Jean-sur-Richelieu (anglophone);Cégep St-Jean-sur-Richelieu (militaire anglophone);15, rue Jacques-Cartier Nord;;56083;Saint-Jean-sur-Richelieu;V;J3B8R8;Centre d'enseignement;Public;http://www.cstjean.qc.ca/;-73.252857;45.295666;Collégial;1_Public
3663;20200706;908003;St-Jean-sur-Richelieu (francophone);Cégep Saint-Jean-sur-Richelieu (militaire francophone);15, rue Jacques-Cartier Nord;;56083;Saint-Jean-sur-Richelieu;V;J3B8R8;Centre d'enseignement;Public;http://www.cstjean.qc.ca;-73.252857;45.295666;Collégial;1_Public
3664;20200706;909000;Cégep Édouard Montpetit;Cégep Édouard Montpetit;945, chemin de Chambly;;58227;Longueuil;V;J4H3M6;Cégep;Public;http://www.cegepmontpetit.ca;-73.494198;45.53559;Collégial;1_Public
3665;20200706;909001;École nationale d'aérotechnique;École nationale d'aérotechnique;5555, rue de l'ÉNA;;58227;Longueuil;V;J3Y8Y9;Centre d'enseignement;Public;http://ena.cegepmontpetit.ca;-73.419651;45.522376;Collégial;1_Public
3666;20200706;909003;École nation. aérotechni. (anglo.);École nationale d'aérotechnique (anglophone);5555, rue de l'ÉNA;;58227;Longueuil;V;J3Y8Y9;Centre d'enseignement;Public;http://ena.cegepmontpetit.ca;-73.419651;45.522376;Collégial;1_Public
3667;20200706;909090;Centre en aérospatiale;Centre technologique en aérospatiale C.T.A.;5555, rue de l'ÉNA;;58227;Longueuil;V;J3Y8Y9;Centre collégial de transfert de technologie;Public;http://www.aerospatiale.org;-73.419651;45.522376;Collégial;1_Public
3668;20200706;910000;Cégep rég.  Lanaudière à Joliette;Cégep régional de Lanaudière à Joliette;20, rue Saint-Charles Sud;;61025;Joliette;V;J6E4T1;Collège constituant;Public;http://www.cegep-lanaudiere.qc.ca;-73.435402;46.02699;Collégial;1_Public
3669;20200706;911000;Cégep Lionel Groulx;Cégep Lionel Groulx;100, rue Duquet;;73010;Sainte-Thérèse;V;J7E3G6;Cégep;Public;http://www.clg.qc.ca/;-73.842852;45.642574;Collégial;1_Public
3670;20200706;911090;Centre d'innovation en microélectronique;Centre d'innovation en microélectronique du Québec (CIMEQ);150, rue Duquet;;73010;Sainte-Thérèse;V;J7E5B3;Centre collégial de transfert de technologie;Public;http://www.cimeq.qc.ca;-73.842503;45.644211;Collégial;1_Public
3671;20200706;912000;Cégep de Saint-Laurent;Cégep de Saint-Laurent;625, avenue Sainte-Croix;;66023;Montréal;V;H4L3X7;Cégep;Public;http://www.cegepsl.qc.ca/;-73.671798;45.512841;Collégial;1_Public
3672;20200706;912090;Centre des technologies de l'eau;Centre des technologies de l'eau;696, avenue Sainte-Croix;2e étage;66023;Montréal;V;H4L3Y2;Centre collégial de transfert de technologie;Public;www.cegep-st-laurent.qc.ca;-73.674459;45.51254;Collégial;1_Public
3673;20200706;912091;Centre rech. et inn. art et eng. social;Centre de recherche et d'innovation en art et en engagement social;625, avenue Sainte-Croix;;66023;Montréal;V;H4L3X7;Centre collégial de transfert de technologie;Public;;-73.671798;45.512841;Collégial;1_Public
3674;20200706;913000;Cégep d'Ahuntsic;Cégep d'Ahuntsic;9155, rue Saint-Hubert;;66023;Montréal;V;H2M1Y8;Cégep;Public;http://www.collegeahuntsic.qc.ca/;-73.64214;45.552313;Collégial;1_Public
3675;20200706;913090;Institut des communications graphiques;Institut des communications graphiques et de l'imprimabilité;999, avenue Émile-Journault Est;;66023;Montréal;V;H2M2E2;Centre collégial de transfert de technologie;Public;http://www.icgq.qc.ca/;-73.640199;45.551505;Collégial;1_Public
3676;20200706;914000;Cégep de Bois-de-Boulogne;Cégep de Bois-de-Boulogne;10555, avenue de Bois-de-Boulogne;;66023;Montréal;V;H4N1L4;Cégep;Public;http://www.bdeb.qc.ca/;-73.674901;45.537301;Collégial;1_Public
3677;20200706;914090;Centre coll. intelligence artificielle;JACOBB - Centre d'intelligence artificielle appliquée;10555, avenue de Bois-de-Boulogne;;66023;Montréal;V;H4N1L4;Centre collégial de transfert de technologie;Public;;-73.674901;45.537301;Collégial;1_Public
3678;20200706;915000;Cégep de Rosemont;Cégep de Rosemont;6400, 16e Avenue;;66023;Montréal;V;H1X2S9;Cégep;Public;http://www.crosemont.qc.ca/;-73.582151;45.557069;Collégial;1_Public
3679;20200706;915001;Cégep à distance (Rosemont);Cégep à distance;6300, 16e Avenue;;66023;Montréal;V;H1X2S9;Établissement d'enseignement;Public;http://www.cegepadistance.ca;-73.580532;45.557437;Collégial;1_Public
3680;20200706;915002;Cégep à distance (Rosemont);Cégep à distance international;6300, 6e Avenue;;66023;Montréal;V;H1X2S9;Établissement d'enseignement;Public;http://www.cegepadistance.ca;-73.580532;45.557437;Collégial;1_Public
3681;20200706;915003;Cégep à distance (Rosemont);Cégep à distance (anglophone);6300, 16e Avenue;;66023;Montréal;V;H1X2S9;Établissement d'enseignement;Public;http://www.cepegadistance.ca;-73.580532;45.557437;Collégial;1_Public
3682;20200706;915090;Cen.étu. respons. socia. écocitoyen.;Centre d'étude en responsabilité sociale et écocitoyenneté (CÉRSÉ);6400, 16e Avenue;Cégep de Rosemont;66023;Montréal;V;H1X2S9;Centre collégial de transfert de technologie;Public;www.crosemont.qc.ca;-73.582151;45.557069;Collégial;1_Public
3683;20200706;916000;Cégep de Maisonneuve;Cégep de Maisonneuve;3800, rue Sherbrooke Est;;66023;Montréal;V;H1X2A2;Cégep;Public;http://www.cmaisonneuve.qc.ca/;-73.553426;45.551041;Collégial;1_Public
3684;20200706;916090;Centre d'études en procédés chimiques;Centre d'études en procédés chimiques du Québec (CÉPROCQ);6220, rue Sherbrooke Est;;66023;Montréal;V;H1N1C1;Centre collégial de transfert de technologie;Public;http://www.cmaisonneuve.qc.ca/icp/ceprocq.html;-73.544848;45.578775;Collégial;1_Public
3685;20200706;916091;Institut des emballages et du génie ali.;Institut de technologie des emballages et du génie alimentaire - ITEGA;6220, rue Sherbrooke Est;;66023;Montréal;V;H1N1C1;Centre collégial de transfert de technologie;Public;;-73.544848;45.578775;Collégial;1_Public
3686;20200706;916092;Institut recherche intégration;Institut de recherche sur l'intégration professionnelle des immigrants (IRIPI);3800, rue Sherbrooke Est;;66023;Montréal;V;H1X2A2;Centre collégial de transfert de technologie;Public;www.cmaisonneuve.qc.ca;-73.553426;45.551041;Collégial;1_Public
3687;20200706;917000;Cégep du Vieux Montréal;Cégep du Vieux Montréal;255, rue Ontario Est;;66023;Montréal;V;H2X1X6;Cégep;Public;http://www.cvm.qc.ca/;-73.566696;45.514471;Collégial;1_Public
3688;20200706;917090;Centre de recherche pour l'inclusion des;CRISPESH - Centre de recherche pour l'inclusion des personnes en situation de handicap;255, rue Ontario Est;;66023;Montréal;V;H2X1X6;Centre collégial de transfert de technologie;Public;www.cvm.qc.ca;-73.566696;45.514471;Collégial;1_Public
3689;20200706;918000;Cégep de Valleyfield;Cégep de Valleyfield;169, rue Champlain;;70052;Salaberry-de-Valleyfield;V;J6T1X6;Cégep;Public;http://www.colval.qc.ca/;-74.133202;45.253022;Collégial;1_Public
3690;20200706;918001;CEC Saint-Constant;Centre d'études collégiales à Saint-Constant;121, rang Saint-Pierre;;67035;Saint-Constant;V;J5A2G9;Centre d'enseignement;Public;https://www.colval.qc.ca/;-73.569156;45.373981;Collégial;1_Public
3691;20200706;919000;Cégep de l'Outaouais;Cégep de l'Outaouais;333, boulevard de la Cité-des-Jeunes;;81017;Gatineau;V;J8Y6M4;Cégep;Public;http://www.cegepoutaouais.qc.ca/;-75.769418;45.459246;Collégial;1_Public
3692;20200706;919001;Collège Héritage;Collège Héritage;325, boulevard de la Cité-des-Jeunes;;81017;Gatineau;V;J8Y6T3;Cégep;Public;http://www.cegep-heritage.qc.ca/;-75.7656;45.455224;Collégial;1_Public
3693;20200706;919002;Campus Félix-Leclerc (Outaouais);Campus Félix-Leclerc;820, boulevard de la Gappe;;81017;Gatineau;V;J8T7T7;Centre d'enseignement;Public;http://www.cegepoutaouais.qc.ca;-75.68407;45.483213;Collégial;1_Public
3694;20200706;919003;Centre d'études collégiales de Maniwaki;Centre d'études collégiales de Maniwaki;331, rue du Couvent;;83065;Maniwaki;V;J9E1H5;Centre d'enseignement;Public;http://www.cegepoutaouais.ca/;-75.970131;46.37915;Collégial;1_Public
3695;20200706;919090;Cyber Outaouais;Centre de recherche et de transfert en cybersécurité;333, boulevard de la Cité-des-Jeunes;Campus Gabrielle-Roy;81017;Gatineau;V;J8Y6M4;Centre collégial de transfert de technologie;Public;;-75.769418;45.459246;Collégial;1_Public
3696;20200706;920000;Cégep de l'Abitibi-Témiscamingue;Cégep de l'Abitibi-Témiscamingue;425, boulevard du Collège;;86042;Rouyn-Noranda;V;J9X5E5;Cégep;Public;http://www.cegepat.qc.ca/;-79.007426;48.228985;Collégial;1_Public
3697;20200706;920001;Cégep Abitibi (Campus d'Amos);Campus d'Amos;341, rue Principale Nord;;88055;Amos;V;J9T2L8;Centre d'enseignement;Public;http://cegepat.qc.ca;-78.118091;48.578408;Collégial;1_Public
3698;20200706;920002;Cégep Abitibi (Campus de Val-d'Or);Campus de Val-d'Or;675, 1re Avenue;;89008;Val-d'Or;V;J9P1Y3;Centre d'enseignement;Public;http://cegepat.qc.ca;-77.785334;48.099762;Collégial;1_Public
3699;20200706;920003;Campus de Val-d'Or (Anglophone);Campus de Val-d'Or (Anglophone);675, 1re Avenue;;89008;Val-d'Or;V;J9P1Y3;Centre d'enseignement;Public;http://cegepat.qc.ca;-77.785334;48.099762;Collégial;1_Public
3700;20200706;920004;Cen. étu.col. Prem. Nations (fran.);Centre d'études collégiales des Premières Nations (francophone);1205, route Marie-Victorin;;50802;Odanak;R;J0G1H0;Centre d'enseignement;Public;http://www.ippn-fnpi.com;-72.801798;46.080747;Collégial;1_Public
3701;20200706;920090;Centre techno. résidus industriels;Centre technologique des résidus industriels;425, boulevard du Collège;;86042;Rouyn-Noranda;V;J9X5E5;Centre collégial de transfert de technologie;Public;ctri.qc.ca/;-79.007426;48.228985;Collégial;1_Public
3702;20200706;921000;Cégep de Lévis-Lauzon;Cégep de Lévis-Lauzon;205, rue Monseigneur Bourget;;25213;Lévis;V;G6V6Z9;Cégep;Public;http://www.cll.qc.ca/;-71.150865;46.817971;Collégial;1_Public
3703;20200706;921090;Centre robot. et vision industrielles;Centre de robotique et de vision industrielles inc.;205, rue Mgr Bourget;;25213;Lévis;V;G6V6Z9;Centre collégial de transfert de technologie;Public;http://www.crvi.ca;-71.150865;46.817971;Collégial;1_Public
3704;20200706;921091;TransBIOTech Centre rech. trans. biote.;TransBIOTech Centre de recherche et de transfert en biotechnologie;201, rue Mgr Bourget;;25213;Lévis;V;G6V6Z3;Centre collégial de transfert de technologie;Public;http://www.tbt.qc.ca/;-71.15194;46.816993;Collégial;1_Public
3705;20200706;922000;Cégep de Rivière-du-Loup;Cégep de Rivière-du-Loup;80, rue Frontenac;;12072;Rivière-du-Loup;V;G5R1R1;Cégep;Public;http://www.cegeprdl.ca/;-69.537775;47.827161;Collégial;1_Public
3706;20200706;922001;CEC Témiscouata - Rivière-du-Loup;Centre d'études collégiales du Témiscouata (Rivière-du-Loup);71 A, rue Pelletier;;13073;Témiscouata-sur-le-Lac;V;G0L1E0;Centre d'enseignement;Public;www.cegeprdl.ca;-68.883327;47.677246;Collégial;1_Public
3707;20200706;922090;Living Lab en innovation ouverte;Living Lab en innovation ouverte;80, rue Frontenac;;12072;Rivière-du-Loup;V;G5R1R1;Centre collégial de transfert de technologie;Public;www.llio.quebec;-69.537775;47.827161;Collégial;1_Public
3708;20200706;923000;Cégep de La Pocatière;Cégep de La Pocatière;140, 4e Avenue;;14085;La Pocatière;V;G0R1Z0;Cégep;Public;http://www.cegeplapocatiere.qc.ca;-70.040945;47.367802;Collégial;1_Public
3709;20200706;923001;Centre d'études coll. de Montmagny;Centre d'études collégiales de Montmagny;115, boulevard Taché est;;18050;Montmagny;V;G5V4J8;Centre d'enseignement;Public;http://www.cec.montmagny.qc.ca;-70.558919;46.983397;Collégial;1_Public
3710;20200706;923002;CEC Témiscouata - La Pocatière;Centre d'études collégiales du Témiscouata (La Pocatière);71 A, rue Pelletier;;13073;Témiscouata-sur-le-Lac;V;G0L1E0;Centre d'enseignement;Public;www.cegeplapocatiere.qc.ca;-68.883327;47.677246;Collégial;1_Public
3711;20200706;923090;Solutions Novika;Solutions Novika;129, rue du Parc-de-l'innovation;;14085;La Pocatière;V;G0R1Z0;Centre collégial de transfert de technologie;Public;www.novika.ca;-70.065661;47.357328;Collégial;1_Public
3712;20200706;923091;CCTT en optique-photonique;Centre collégial de transfert technologique en optique-photonique OPTECH;129, rue du Parc-de-l'innovation;;14085;La Pocatière;V;G0R1Z0;Centre collégial de transfert de technologie;Public;http://www.cctt-optech.ca;-70.065661;47.357328;Collégial;1_Public
3713;20200706;923092;Biopterre - CDB;Biopterre - Centre de développement des bioproduits;1642, rue de la Ferme;;14090;Sainte-Anne-de-la-Pocatière;P;G0R1Z0;Centre collégial de transfert de technologie;Public;www.biopterre.com;-70.028658;47.353938;Collégial;1_Public
3714;20200706;924000;Cégep de Thetford;Cégep de Thetford;671, boulevard Frontenac Ouest;;31084;Thetford Mines;V;G6G1N1;Cégep;Public;http://www.cegepthetford.ca;-71.324362;46.098445;Collégial;1_Public
3715;20200706;924003;Campus collégial de Lotbinière;Campus collégial de Lotbinière;1080, avenue Bergeron;;33045;Saint-Agapit;M;G0S1Z0;Centre d'enseignement;Public;http://www.cegepthetford.ca;-71.436379;46.563605;Collégial;1_Public
3716;20200706;924090;COALIA;COALIA;671, boulevard Frontenac Ouest;;31084;Thetford Mines;V;G6G1N1;Centre collégial de transfert de technologie;Public;http://www.ctmp.ca;-71.324362;46.098445;Collégial;1_Public
3717;20200706;924091;Oleotek inc.;Oleotek inc.;835, rue Mooney Ouest;;31084;Thetford Mines;V;G6G0A5;Centre collégial de transfert de technologie;Public;www.oleotek.org;-71.297593;46.072668;Collégial;1_Public
3718;20200706;925000;Cégep de Victoriaville;Cégep de Victoriaville;475, rue Notre-Dame Est;;39062;Victoriaville;V;G6P4B3;Cégep;Public;http://www.cegepvicto.ca/;-71.943248;46.059158;Collégial;1_Public
3719;20200706;925001;École nat. meuble ébénisterie (Vic.);École nationale du meuble et de l'ébénisterie;765, rue Notre-Dame Est;;39062;Victoriaville;V;G6P4B2;Centre d'enseignement;Public;http://www.cegepvicto.ca;-71.93995;46.064478;Collégial;1_Public
3720;20200706;925002;École québ. meuble bois ouvré (Mtl);École québécoise du meuble et du bois ouvré (section Montréal);5445, rue De Lorimier;;66023;Montréal;V;H2H2S5;Centre d'enseignement;Public;http://montreal.ecolenationaledumeuble.ca;-73.582547;45.540279;Collégial;1_Public
3721;20200706;925090;INOVEM;INOVEM;765, rue Notre-Dame Est;;39062;Victoriaville;V;G6P4B2;Centre collégial de transfert de technologie;Public;http://www.inovem.ca/;-71.93995;46.064478;Collégial;1_Public
3722;20200706;925091;Centre inno. sociale agriculture;Centre d'innovation sociale en agriculture;475, rue Notre-Dame Est;;39062;Victoriaville;V;G6P4B3;Centre collégial de transfert de technologie;Public;www.cisainnovation.com;-71.943248;46.059158;Collégial;1_Public
3723;20200706;925092;Centre expertise trans.agricul.bio proxi;Centre d'expertise et de transfert en agriculture biologique et de proximité (CETAB+);454, boulevard Jutras Est;;39062;Victoriaville;V;G6P4B3;Centre collégial de transfert de technologie;Public;www.cetab.org;-71.940993;46.06027;Collégial;1_Public
3724;20200706;926000;Cégep Garneau;Cégep François-Xavier Garneau;1660, boulevard de l'Entente;;23027;Québec;V;G1S4S3;Cégep;Public;http://www.cegepgarneau.ca;-71.263915;46.794313;Collégial;1_Public
3725;20200706;927000;Cégep de Matane;Cégep de Matane;616, avenue Saint-Rédempteur;;08053;Matane;V;G4W1L1;Cégep;Public;http://www.cegep-matane.qc.ca;-67.497149;48.840922;Collégial;1_Public
3726;20200706;927002;Cen. mat. étu. col. (Cégep de Matane);Centre matapédien d'études collégiales (Cégep de Matane);92, rue Desbiens;;07047;Amqui;V;G5J3P6;Centre d'enseignement;Public;www.cegep-matane.qc.ca;-67.428984;48.467585;Collégial;1_Public
3727;20200706;927091;Centre développement-recherche imag. num;Centre de développement et de recherche en imagerie numérique (CDRIN);608, avenue Saint-Rédempteur;;08053;Matane;V;G4W0E1;Centre collégial de transfert de technologie;Public;http://www.cdrin.com/;-67.499987;48.841294;Collégial;1_Public
3728;20200706;928000;Cégep de Saint-Jérôme;Cégep de Saint-Jérôme;455, rue Fournier;;75017;Saint-Jérôme;V;J7Z4V2;Cégep;Public;http://www.cstj.qc.ca/;-73.999315;45.779602;Collégial;1_Public
3729;20200706;928001;Centre études coll. de Mont-Laurier;Centre collégial de Mont-Laurier;700, rue Parent;;79088;Mont-Laurier;V;J9L2K1;Centre d'enseignement;Public;cstj.qc.ca/mt-laurier;-75.507708;46.560516;Collégial;1_Public
3730;20200706;928002;Centre études coll. Mont-Tremblant;Centre collégial de Mont-Tremblant;619, boul. du Docteur-Gervais;;78102;Mont-Tremblant;V;J8E2T3;Centre d'enseignement;Public;www.cstj.qc.ca/mt-tremblant;-74.580935;46.122058;Collégial;1_Public
3731;20200706;928090;Centre de développement des composites;Centre de développement des composites du Québec (CDCQ);475, rue Fournier;Local J202;75017;Saint-Jérôme;V;J7Z4V2;Centre collégial de transfert de technologie;Public;http://www.cstj.qc.ca    et    www.cdcq.qc.ca;-73.999315;45.779584;Collégial;1_Public
3732;20200706;928091;Institut du véhicule innovant;Institut du véhicule innovant;475, rue Fournier;Local J205;75017;Saint-Jérôme;V;J7Z4V2;Centre collégial de transfert de technologie;Public;www.ivisolutions.ca;-73.999315;45.779584;Collégial;1_Public
3733;20200706;929000;Cégep André-Laurendeau;Cégep André-Laurendeau;1111, rue Lapierre;;66023;Montréal;V;H8N2J4;Cégep;Public;http://www.claurendeau.qc.ca/;-73.607135;45.436685;Collégial;1_Public
3734;20200706;929090;Institut d'innovation en logistique;Institut d'innovation en logistique du Québec (IILQ);1111, rue Lapierre;Bureau 1.043;66023;Montréal;V;H8N2J4;Centre collégial de transfert de technologie;Public;www.innovationlogistique.com;-73.607135;45.436685;Collégial;1_Public
3735;20200706;930000;Cégep Montmorency;Cégep Montmorency;475, boulevard de l'Avenir;;65005;Laval;V;H7N5H9;Cégep;Public;http://www.cmontmorency.qc.ca/;-73.718642;45.559943;Collégial;1_Public
3736;20200706;931001;Cégep de Baie-Comeau;Cégep de Baie-Comeau;537, boulevard Blanche;;96020;Baie-Comeau;V;G5C2B2;Cégep;Public;http://www.cegepbc.ca;-68.2617;49.186303;Collégial;1_Public
3737;20200706;931002;Cégep de Sept-Îles;Cégep de Sept-Îles;175, rue De La Vérendrye;;97007;Sept-Îles;V;G4R5B7;Cégep;Public;http://www.cegep-sept-iles.qc.ca/;-66.354666;50.227075;Collégial;1_Public
3738;20200706;931003;Sept-Îles (section anglophone), Cégep de;Cégep de Sept-Îles (section anglophone);175, rue De La Vérendrye;;97007;Sept-Îles;V;G4R5B7;Centre d'enseignement;Public;http://www.cegep-sept-iles.qc.ca/;-66.354666;50.227075;Collégial;1_Public
3739;20200706;931090;Institut technologique de maintenance in;Institut technologique de maintenance industrielle;175, rue De La Vérendrye;;97007;Sept-Îles;V;G4R5B7;Centre collégial de transfert de technologie;Public;www.cegep-sept-iles.qc.ca;-66.354666;50.227075;Collégial;1_Public
3740;20200706;931091;Centre expér. dévelop. en forêt boréale;Centre d'expérimentation et de développement en forêt boréale (CEDFOB);537, boulevard Blanche;;96020;Baie-Comeau;V;G5C2B2;Centre collégial de transfert de technologie;Public;www.cedfob.qc.ca;-68.2617;49.186303;Collégial;1_Public
3741;20200706;932001;Collège d'Alma;Collège d'Alma;675, boulevard Auger Ouest;;93042;Alma;V;G8B2B7;Cégep;Public;http://www.collegealma.ca/;-71.654535;48.545308;Collégial;1_Public
3742;20200706;932002;Cégep de Chicoutimi;Cégep de Chicoutimi;534, rue Jacques-Cartier Est;;94068;Saguenay;V;G7H1Z6;Cégep;Public;http://www.cegep-chicoutimi.qc.ca/;-71.052406;48.423148;Collégial;1_Public
3743;20200706;932003;Cégep de Jonquière;Cégep de Jonquière;2505, rue Saint-Hubert;;94068;Saguenay;V;G7X7W2;Cégep;Public;http://www.cegepjonquiere.ca;-71.248379;48.406097;Collégial;1_Public
3744;20200706;932004;Cégep de Saint-Félicien;Cégep de St-Félicien;1105, boulevard Hamel;;91042;Saint-Félicien;V;G8K2R8;Cégep;Public;http://www.cegepstfe.ca;-72.45869;48.649841;Collégial;1_Public
3745;20200706;932005;Centre québécois formation aéronautique;Centre québécois de formation aéronautique;1, rue de l'Aéroport;;94240;Saint-Honoré;V;G0V1L0;Centre d'enseignement;Public;http://www.cqfa.ca;-71.058086;48.526062;Collégial;1_Public
3746;20200706;932006;Centre études coll. à Chibougamau;Centre d'études collégiales à Chibougamau;110, rue Obalski;;99025;Chibougamau;V;G8P2E9;Centre d'enseignement;Public;http://www.cec-chibougamau.qc.ca/;-74.36637;49.916551;Collégial;1_Public
3747;20200706;932007;Centre études coll. en Charlevoix;Centre d'études collégiales en Charlevoix;855, rue Richelieu (Pointe-au-Pic);;15013;La Malbaie;V;G5A2X7;Centre d'enseignement;Public;http://www.ceccharlevoix.qc.ca;-70.143442;47.633572;Collégial;1_Public
3748;20200706;932010;Agrinova;Agrinova;640, rue Côté Ouest;;93042;Alma;V;G8B7S8;Centre collégial de transfert de technologie;Public;http://www.agrinova.qc.ca;-71.653756;48.546438;Collégial;1_Public
3749;20200706;932011;Centre Saint-Félicien (anglophone);Centre de Saint-Félicien (anglophone);1105, boulevard Hamel;C.P. 7300;91042;Saint-Félicien;V;G8K2R8;Centre d'enseignement;Public;http://www.cstfelicien.qc.ca;-72.45869;48.649841;Collégial;1_Public
3750;20200706;932012;Centre d'études de Forestville;Centre d'études collégiales de Forestville;16, 5e Avenue;;95045;Forestville;V;G0T1E0;Centre d'enseignement;Public;;-69.078879;48.741586;Collégial;1_Public
3751;20200706;932020;Centre de géomatique du Québec inc.;Centre de géomatique du Québec inc.;534, rue Jacques-Cartier Est;;94068;Saguenay;V;G7H1Z6;Centre collégial de transfert de technologie;Public;http://www.cgq.qc.ca;-71.052406;48.423148;Collégial;1_Public
3752;20200706;932030;Centre de production automatisée;Centre de production automatisée (CPA);3780, rue Panet;;94068;Saguenay;V;G7X0E5;Centre collégial de transfert de technologie;Public;http://cpa.cjonquiere.qc.ca/;-71.245067;48.403819;Collégial;1_Public
3753;20200706;932090;ÉCOBES Recherche et transfert;ÉCOBES Recherche et transfert;3791, rue de la Fabrique, 6e étage;Pavillon Manicouagan (Cégep Jonquière);94068;Saguenay;V;G7X7W2;Centre collégial de transfert de technologie;Public;http://cegepjonquiere.ca/ecobes/;-71.245221;48.404866;Collégial;1_Public
3754;20200706;932491;Écofaune boréale;Écofaune boréale;1105, boulevard Hamel;;91042;Saint-Félicien;V;G8K2R8;Centre collégial de transfert de technologie;Public;ecofauneboreale@cegepstfe.ca;-72.45869;48.649841;Collégial;1_Public
3755;20200706;933000;Collège Dawson;Collège Dawson;3040, rue Sherbrooke Ouest;;66023;Montréal;V;H3Z1A4;Cégep;Public;http://www.dawsoncollege.qc.ca/;-73.587394;45.49035;Collégial;1_Public
3756;20200706;933003;Cen. étu. col. Prem. Nations  (an.);Centre d'études collégiales des Premières Nations (anglophone);1205, route Marie-Victorin;;50802;Odanak;R;J0G1H0;Centre d'enseignement;Public;http://www.ippn-fnpi.com;-72.801798;46.080747;Collégial;1_Public
3757;20200706;934000;Vanier College;Vanier College;821, avenue Sainte-Croix;;66023;Montréal;V;H4L3X9;Cégep;Public;http://www.vaniercollege.qc.ca/;-73.674504;45.514789;Collégial;1_Public
3758;20200706;935000;Cégep John Abbott;Cégep John Abbott;21275, rue Lakeshore;;66117;Sainte-Anne-de-Bellevue;V;H9X3L9;Cégep;Public;http://www.johnabbott.qc.ca/;-73.941788;45.40641;Collégial;1_Public
3759;20200706;935090;Centre expert. recherche pharmaceutiques;Centre d'expertise et de recherche appliquée en sciences pharmaceutiques;21275, chemin Lakeshore;;66117;Sainte-Anne-de-Bellevue;V;H9X3L9;Centre collégial de transfert de technologie;Public;;-73.943197;45.404136;Collégial;1_Public
3760;20200706;936000;Champlain Regional College;Champlain Regional College;1301, boulevard Portland;;43027;Sherbrooke;V;J1J1S2;Entité juridique;Public;http://www.crc-sher.qc.ca;-71.90884;45.403941;Collégial;1_Public
3761;20200706;936001;Champlain Reg. College - Lennoxville;Champlain Regional College - Campus Lennoxville;2580, rue Collège;;43027;Sherbrooke;V;J1M2K3;Campus collégial;Public;http://www.crc-lennox.qc.ca/;-71.845029;45.366136;Collégial;1_Public
3762;20200706;936002;Champlain Reg. College - St-Lawrence;Champlain Regional College - Campus Saint-Lawrence;790, avenue Nérée-Tremblay;;23027;Québec;V;G1V4K2;Campus collégial;Public;http://www.slc.qc.ca/;-71.282441;46.788206;Collégial;1_Public
3763;20200706;936003;Champlain Reg. College - St-Lambert;Champlain Regional College - Campus Saint-Lambert-Longueuil;900, Riverside Drive;;58012;Saint-Lambert;V;J4P3P2;Campus collégial;Public;http://www.champlainonline.com;-73.520389;45.516352;Collégial;1_Public
3764;20200706;937000;Cégep Beauce-Appalaches;Cégep Beauce-Appalaches;1055, 116e Rue Est;;29073;Saint-Georges;V;G5Y3G1;Cégep;Public;http://www.cegepba.qc.ca;-70.66939;46.126489;Collégial;1_Public
3765;20200706;937001;Centre d'études de Lac-Mégantic;Centre d'études collégiales de Lac-Mégantic;3800, rue Cousineau;;30030;Lac-Mégantic;V;G6B2A3;Centre d'enseignement;Public;www.cec.lacmegantic.qc.ca;-70.8863;45.580702;Collégial;1_Public
3766;20200706;937002;Centre d'études collégiales de Ste-Marie;Centre d'études collégiales de Sainte-Marie;420, avenue de la Cité;;26030;Sainte-Marie;V;G6E3V1;Centre d'enseignement;Public;http://www.cegepba.qc.ca/programmes-detudes/centre;-71.032694;46.452814;Collégial;1_Public
